2014-01-31_JA-africa.tsv:History_1a-rdf.tsv	Surridge, K.	268	82	HISTORY -LONDON THEN OXFORD-	0018-2648	(Uk)RN035004646	HISTORY -LONDON THEN OXFORD- 82(268), 582-600. (1997)	`All you soldiers are what we call pro-Boer': The Military Critique of the South African Wars, 1899-1902	xxk	eng	BLACKWELL PUBLISHERS	1997
2014-01-31_JA-africa.tsv:History_1a-rdf.tsv	Calo, M. A.	3	51	AMERICAN QUARTERLY -MINNEAPOLIS-	0003-0678	(Uk)RN068781206	AMERICAN QUARTERLY -MINNEAPOLIS- 51(3), 580-621. (1999)	African American Art and Critical Discourse Between World Wars	xxu	eng	JOHNS HOPKINS UNIVERSITY PRESS	1999
2014-01-31_JA-africa.tsv:History_1a-rdf.tsv	Harding, L.	2	269	HISTORISCHE ZEITSCHRIFT	0018-2613	(Uk)RN069034810	HISTORISCHE ZEITSCHRIFT 269(2), 500-501. (1999)	B. Vandervort, Wars of Imperial Conquest in Africa, 1830-1914	gw		BOEHLAU VERLAG HISTORISCHE ANTHROPOLOGIE	1999
2014-01-31_JA-africa.tsv:History_1a-rdf.tsv	LEAVER, D.	1	11	JOURNAL OF WORLD HISTORY -HONOLULU-	1045-6007	(Uk)RN075869095	JOURNAL OF WORLD HISTORY -HONOLULU- 11(1), 150-152. (2000)	Bruce Vandervort. Wars of Imperial Conquest in Africa, 1830-1914	xxu	eng	UNIVERSITY OF HAWAII PRESS	2000
2014-01-31_JA-africa.tsv:History_1a-rdf.tsv	KIBBLE, S.	2	26	JOURNAL OF SOUTHERN AFRICAN STUDIES	0305-7070	(Uk)RN078369814	JOURNAL OF SOUTHERN AFRICAN STUDIES 26(2), 365-367. (2000)	Inge Tvedten, Angola: Struggle for Peace and Reconstruction, James Ciment, Angola and Mozambique: Postcolonial Wars in Southern Africa and Paul Hare, Angola's Last Best Chance of Peace: An Insider's Account of the Peace Process	xxk	eng	OXFORD UNIVERSITY PRESS	2000
2014-01-31_JA-africa.tsv:History_1a-rdf.tsv	Kanya-Forstner, A. S.	1	33	CANADIAN JOURNAL OF AFRICAN STUDIES	0008-3968	(Uk)RN078907060	CANADIAN JOURNAL OF AFRICAN STUDIES 33(1), 202-203. (1999)	Bruce Vandervort. Wars of Imperial Conquest in Africa	xxc	eng	CANADIAN JOURNAL OF AFRICAN STUDIES	1999
2014-01-31_JA-africa.tsv:History_1a-rdf.tsv	Clapham, C.	2	38	JOURNAL OF MODERN AFRICAN STUDIES	0022-278X	(Uk)RN079737744	JOURNAL OF MODERN AFRICAN STUDIES 38(2), 326-327. (2000)	Civil Wars in Africa: roots and resolution edited by TAISIER M. ALI and ROBERT O. MATTHEWS	xxk	eng	CAMBRIDGE UNIVERSTIY PRESS	2000
2014-01-31_JA-africa.tsv:History_1a-rdf.tsv	Killingray, D.	186	74	HISTORICAL RESEARCH -OXFORD-	0950-3471	(Uk)RN104227740	HISTORICAL RESEARCH -OXFORD- 74(186), 425-443. (2001)	African voices from two world wars	xxk	eng	BLACKWELL PUBLISHERS	2001
2014-01-31_JA-africa.tsv:History_1a-rdf.tsv	Azarya, V.	3	48	AFRICA TODAY	0001-9887	(Uk)RN113158785	AFRICA TODAY -BLOOMINGTON- 48(3), 161-163. (2001)	Ethnicity Kills? The Politics of Wars, Peace and Ethnicity in Sub-Saharan Africa. Einar Braathen, Morten Boas and Gjermund Saether, eds	xxu	eng	GRADUATE SCHOOL FOR INTERNATIONAL STUDIES	2001
2014-01-31_JA-africa.tsv:History_1a-rdf.tsv	Abbink, J.	3	21	JOURNAL OF CONTEMPORARY AFRICAN STUDIES	0258-9001	(Uk)RN139454910	JOURNAL OF CONTEMPORARY AFRICAN STUDIES 21(3), 407-426. (2003)	Ethiopia-Eritrea: Proxy Wars and Prospects of Peace in the Horn of Africa	xxk	eng	CARFAX INTERNATIONAL PERIODICAL PUBLISHERS	2003
2014-01-31_JA-africa.tsv:History_1a-rdf.tsv	Gump, J. O.	4	34	WESTERN HISTORICAL QUARTERLY	0043-3810	(Uk)RN143287660	WESTERN HISTORICAL QUARTERLY 34(4), 427-446	"Civil Wars in South Dakota and South Africa: The Role of the ""Third Force"""	xxu	eng		
2014-01-31_JA-africa.tsv:History_1a-rdf.tsv	Young, R.	4	68	SOUTH ATLANTIC REVIEW	0277-335X	(Uk)RN145559970	SOUTH ATLANTIC REVIEW 68(4), 127-131. (2003)	Nationalism, Marxism, and African American Literature Between the Wars: A New Pandora's Box- by Anthony Dawahare	xxu	eng	SOUTH ATLANTIC MODERN LANGUAGE ASSOCIATION	2003
2014-01-31_JA-africa.tsv:History_1a-rdf.tsv	Lawrence, M. A.	1	32	REVIEWS IN AMERICAN HISTORY	0048-7511	(Uk)RN147282813	REVIEWS IN AMERICAN HISTORY 32(1), 114-121. (2004)	Hot Wars in Cold War Africa Piero Gleijeses, Conflicting Missions: Havana, Washington, and Africa, 1959-1976	xxu	eng	THE JOHNS HOPKINS UNIVERSITY PRESS	2004
2014-01-31_JA-africa.tsv:History_1a-rdf.tsv	Brown, E. H.	2	56	AMERICAN QUARTERLY -MINNEAPOLIS-	0003-0678	(Uk)RN152484780	AMERICAN QUARTERLY -MINNEAPOLIS-. 56(2), 449-460. (2004)	Technology, Culture and the Body in Modern America Review of The Body Electric: How Strange Machines Built the Modern American. By Carolyn Thomas de la Pena.; Swinging the Machine: Modernity, Technology, and African American Culture between the World Wars. By Joel Dinerstein	xxu	eng	JOHNS HOPKINS UNIVERSITY PRESS	2004
2014-01-31_JA-africa.tsv:History_1b-rdf.tsv	Malan, A.	181	60	SOUTH AFRICAN ARCHAEOLOGICAL BULLETIN	0038-1969	(Uk)RN171625763	SOUTH AFRICAN ARCHAEOLOGICAL BULLETIN 60(181), 35-37. (2005)	An archaeology of colonial identity: power and material culture in the Dwars Valley, South Africa	sa	eng	THE SOUTH AFRICAN ARCHAEOLOGICAL SOCIETY	2005
2014-01-31_JA-africa.tsv:History_1b-rdf.tsv	Peters, K.	3	77	AFRICA -LONDON- INTERNATIONAL AFRICAN INSTITUTE-	0001-9720	(Uk)RN214265628	AFRICA -LONDON- INTERNATIONAL AFRICAN INSTITUTE- 77(3), 442-454. (2007)	Understanding recent African wars	xxk	eng	INTERNATIONAL AFRICAN INSTITUTE	2007
2014-01-31_JA-africa.tsv:History_1b-rdf.tsv	Evans, M.	427	107	AFRICAN AFFAIRS -LONDON- ROYAL AFRICAN SOCIETY-	0001-9909	(Uk)RN226826358	AFRICAN AFFAIRS -LONDON- ROYAL AFRICAN SOCIETY- 107(427), 286-287. (2008)	Ending Africas Wars: Progressing to peace, edited by Oliver Furley and Roy May	xxk	eng	Oxford University Press	2008
2014-01-31_JA-africa.tsv:History_1b-rdf.tsv	Caldwell, M.	2	36	JOURNAL OF SOUTHERN AFRICAN STUDIES	0305-7070	(Uk)RN273734920	JOURNAL OF SOUTHERN AFRICAN STUDIES 36(2), 511-513. (2010)	Information Wars: Kate Allen, The Paper Wars: Access to Information in South Africa	xxk	eng	Taylor & Francis	2010
2014-01-31_JA-africa.tsv:History_1b-rdf.tsv	Thomas, M.	2	36	HISTORICAL REFLECTIONS	0315-7997	(Uk)RN275731326	HISTORICAL REFLECTIONS 36(2), 76-96. (2010)	The Gendarmerie, Information Collection, and Colonial Violence in French North Africa Between the Wars	xxc	eng	Beghahn Journals	2010
2014-01-31_JA-africa.tsv:History_1b-rdf.tsv	Donati, S.	2	16	JOURNAL OF MODERN ITALIAN STUDIES	1354-571X	(Uk)RN286340130	JOURNAL OF MODERN ITALIAN STUDIES 16(2), 296-297. (2011)	Italian National Identity in the Scramble for Africa: Italy's African Wars in the Era of Nation-building	xxk	eng	Taylor & Francis	2011
2014-01-31_JA-africa.tsv:History_1b-rdf.tsv	Kuhl, M.	1	12	AMERICAN NINETEENTH CENTURY HISTORY	1466-4658	(Uk)RN289927201	AMERICAN NINETEENTH CENTURY HISTORY 12(1), 25-48. (2011)	"""We Have Seen the Fate of the Indian"": Western Influences on African American Leadership in the Shadow of the Plains Wars"	xxk	eng	Taylor & Francis	2011
2014-01-31_JA-africa.tsv:History_1b-rdf.tsv	Warson, J.	1	30	JOURNAL OF CONTEMPORARY AFRICAN STUDIES	0258-9001	(Uk)RN306846107	JOURNAL OF CONTEMPORARY AFRICAN STUDIES 30(1), 178-180. (2012)	France and the new imperialism: security policy in Sub-Saharan Africa	xxk	eng	CARFAX INTERNATIONAL PERIODICAL PUBLISHERS	2012
2014-01-31_JA-africa.tsv:History_1b-rdf.tsv	Owino, M.	2	45	CANADIAN JOURNAL OF AFRICAN STUDIES	0008-3968	(Uk)RN307099789	CANADIAN JOURNAL OF AFRICAN STUDIES 45(2), 393-395. (2011)	Timothy J. Stapleton. A Military History of South Africa: From the Dutch-Khoi Wars to the End of Apartheid	xxc	eng	CANADIAN ASSOCIATION OF AFRICAN STUDIES	2011
2014-01-31_JA-africa.tsv:History_1b-rdf.tsv	Kanduza, A.M.	2	43	AFRICAN HISTORICAL REVIEW	1753-2523	(Uk)RN307459083	AFRICAN HISTORICAL REVIEW 43(2), 103-105. (2011)	A Military History of South Africa. From the Dutch-Khoi Wars to the End of Apartheid	xxk	eng	Taylor & Francis	2011
2014-01-31_JA-africa.tsv:History_1b-rdf.tsv	Motadel, D.	1	7	JOURNAL OF GLOBAL HISTORY	1740-0228	(Uk)RN307713213	JOURNAL OF GLOBAL HISTORY 7(1), 153-155. (2012)	The world in world wars: experiences, perceptions and perspectives from Africa and Asia Edited by Liebau Heike, Bromber Katrin, Lange Katharina, Hamzah Dyala, and Ahuja Ravi. Studies in Global History 5. Leiden and Boston, MA: Brill, 2010. Pp. vii + 613. EURO129.00, ISBN 978-90-04-18545-6	xxk	eng	CAMBRIDGE UNIVERSITY PRESS	2012
2014-01-31_JA-africa.tsv:History_1b-rdf.tsv	Straus, S.	443	111	AFRICAN AFFAIRS -LONDON- ROYAL AFRICAN SOCIETY-	0001-9909	(Uk)RN310019639	AFRICAN AFFAIRS -LONDON- ROYAL AFRICAN SOCIETY- 111(443), 179-201. (2012)	Wars do end! Changing patterns of political violence in sub-Saharan Africa	xxk	eng	Oxford University Press	2012
2014-01-31_JA-africa.tsv:History_1b-rdf.tsv	Owino, M.	3	45	CANADIAN JOURNAL OF AFRICAN STUDIES	0008-3968	(Uk)RN315352702	CANADIAN JOURNAL OF AFRICAN STUDIES 45(3), 635-637. (2011)	Timothy J. Stapleton, A Military History of South Africa: From the Dutch-Khoi Wars to the End of Apartheid	xxk	eng	Taylor & Francis	2011
2014-01-31_JA-africa.tsv:History_1b-rdf.tsv	Kanduza, A.	1	44	AFRICAN HISTORICAL REVIEW	1753-2523	(Uk)RN322541385	AFRICAN HISTORICAL REVIEW 44(1), 145-146. (2012)	African Wars: A Defense Intelligence Perspective	xxk		Taylor & Francis	2012
2014-01-31_JA-africa.tsv:History_1b-rdf.tsv	Peters, K.	12	10	HISTORY COMPASS	1478-0542	(Uk)RN323437347	HISTORY COMPASS 10(12), 879-888. (2012)	Youth, Wars and Violence in West Africa	xxk	eng	BLACKWELL PUBLISHING LTD	2012
2014-01-31_JA-africa.tsv:History_1b-rdf.tsv	Zaccaria, M.	3	57	INTERNATIONAL REVIEW OF SOCIAL HISTORY	0020-8590	(Uk)RN328165397	INTERNATIONAL REVIEW OF SOCIAL HISTORY 57(3), 478-480. (2012)	The World in World Wars. Experiences, Perceptions and Perspectives from Africa and Asia. Ed. by Heike Liebau, Katrin Bromber, Katharina Lange, Dyala Hamzah and Ravi Ahuja. [Studies in Global Social History, Vol. 5.] Brill, Leiden [etc.] 2010. vii, 613 pp. EURO 129.00; $183.00	ne	eng	CAMBRIDGE UNIVERSITY PRESS	2012
2014-01-31_JA-africa.tsv:History_1b-rdf.tsv	Kynoch, G.	447	112	AFRICAN AFFAIRS -LONDON- ROYAL AFRICAN SOCIETY-	0001-9909	(Uk)RN330197247	AFRICAN AFFAIRS -LONDON- ROYAL AFRICAN SOCIETY- 112(447), 283-303. (2013)	Reassessing transition violence: Voices from South Africas township wars, 1990-4	xxk	eng	Oxford University Press	2013
2014-01-31_JA-africa.tsv:History_2i-rdf.tsv	Ruffins, F. D.	70		RADICAL HISTORY REVIEW	0163-6545	(Uk)RN038517510	RADICAL HISTORY REVIEW 70, 78-101. (1998)	Culture Wars Won and Lost, Part II: The National African-American Museum Project	xxu	eng	MARHO	1998
2014-01-31_JA-africa.tsv:History_2i-rdf.tsv	Zartman, I. W.	124		FOREIGN POLICY -WASHINGTON-	0015-7228	(Uk)RN095264347	FOREIGN POLICY -WASHINGTON- 124, 66-67. (2001)	Bordering on War The demarcation of boundaries in Africa can help end a cycle of costly and debilitating wars	xxu	eng	FOREIGN POLICY	2001
2014-01-31_JA-africa.tsv:History_2i-rdf.tsv		4255		WEST AFRICA	0043-2962	(Uk)RN097962560	WEST AFRICA 4255, 9-11. (2000)	Why so many wars in Africa?	xxk	eng		2000
2014-01-31_JA-africa.tsv:History_2i-rdf.tsv	Freedman, L.	137		FOREIGN POLICY -WASHINGTON-	0015-7228	(Uk)RN133382318	FOREIGN POLICY -WASHINGTON- 137, 16-25. (2003)	War: Which represents modern war: The U.S. military unleashing hightech arsenals to crush a dictator's army or machete-wielding insurgents fighting brutal civil wars in Africa?	xxu	eng	FOREIGN POLICY	2003
2014-01-31_JA-africa.tsv:History_2i-rdf.tsv	Gettleman, J.	178		FOREIGN POLICY -WASHINGTON-	0015-7228	(Uk)RN267519727	FOREIGN POLICY -WASHINGTON- 178, 73-75. (2010)	Africa's Forever Wars	xxu	eng	CARNEGIE ENDOWMENT FOR INTERNATIONAL PEACE	2010
2014-01-31_JA-africa.tsv:History_2v-rdf.tsv	Murray, A.		25	PROCEEDINGS- WESTERN SOCIETY FOR FRENCH HISTORY		(Uk)RN061849592	PROCEEDINGS- WESTERN SOCIETY FOR FRENCH HISTORY 25, 186-195. (1998)	Documentary Fiction: Images of Sub-Saharan Africa in Colonial Film Between the Wars	xxu	eng	UNIVERSITY PRESS OF COLORADO	1998
2014-01-31_JA-africa.tsv:History_3-rdf.tsv	Moss, T. J.	1	59	BULLETIN- SCHOOL OF ORIENTAL AND AFRICAN STUDIES UNIVERSITY OF LONDON	0041-977X	(Uk)RN004162365	BULLETIN- SCHOOL OF ORIENTAL AND AFRICAN STUDIES UNIVERSITY OF LONDON 59(1), 211. (1995)	Raymond W. Copson: Africa's wars and prospects for peace	xxk	eng	OXFORD UNIVERSITY PRESS	1995
2014-01-31_JA-africa.tsv:History_3-rdf.tsv	MADDOX, G. H.	3	40	JOURNAL OF AFRICAN HISTORY	0021-8537	(Uk)RN071742039	JOURNAL OF AFRICAN HISTORY 40(3), 489. (1999)	Bruce Vandervort, Wars of Imperial Conquest in Africa, 1830-1914.	xxk	eng	CAMBRIDGE UNIVERISTY PRESS	1999
2014-01-31_JA-africa.tsv:History_3-rdf.tsv	Maier, D. J.	3	105	AMERICAN HISTORICAL REVIEW	0002-8762	(Uk)RN081243554	AMERICAN HISTORICAL REVIEW 105(3), 1055. (2000)	BRUCE VANDERVORT. Wars of Imperial Conquest in Africa, 1830-1914	xxu	eng	AMERICAN HISTORICAL ASSOCIATION	2000
2014-01-31_JA-africa.tsv:History_3-rdf.tsv	Lloyd, B.	5	105	AMERICAN HISTORICAL REVIEW	0002-8762	(Uk)RN090548712	AMERICAN HISTORICAL REVIEW 105(5), 1763. (2000)	WILLIAM J. MAXWELL. New Negro, Old Left: African-American Writing and Communism Between the Wars	xxu	eng	AMERICAN HISTORICAL ASSOCIATION	2000
2014-01-31_JA-africa.tsv:History_3-rdf.tsv	Thompson, P. S.	02-Mar	32	INTERNATIONAL JOURNAL OF AFRICAN HISTORICAL STUDIES	0361-7882	(Uk)RN092999890	INTERNATIONAL JOURNAL OF AFRICAN HISTORICAL STUDIES 32(2/3), 609. (1999)	Vandervort, Wars of Imperial Conquest in Africa, 1830-1914	xxu	eng	AFRICAN STUDIES CENTER AT BOSTON UNIVERSITY	1999
2014-01-31_JA-africa.tsv:History_3-rdf.tsv	Gibson, D. B.	1	88	JOURNAL OF AMERICAN HISTORY -BLOOMINGTON-	0021-8723	(Uk)RN097545078	JOURNAL OF AMERICAN HISTORY -BLOOMINGTON- 88(1), 249. (2001)	Maxwell, New Negro, Old Left: African-American Writing and Communism between the Wars; and Smethurst, The New Red Negro: The Literary Left and African American Poetry, 1930-1946	xxu	eng	THE ORGANIATION OF AMERICAN HISTORIANS	2001
2014-01-31_JA-africa.tsv:History_3-rdf.tsv	de Montclos, M.-A. P.	1	35	CANADIAN JOURNAL OF AFRICAN STUDIES	0008-3968	(Uk)RN108786012	CANADIAN JOURNAL OF AFRICAN STUDIES 35(1), 165. (2001)	Taisier M. Ali and Robert O. Matthews, eds. Civil Wars in Africa: Roots and Resolution	xxc	eng	CANADIAN ASSOCIATION OF AFRICAN STUDIES	2001
2014-01-31_JA-africa.tsv:History_3-rdf.tsv	Peretti, B. W.	1	91	JOURNAL OF AMERICAN HISTORY -BLOOMINGTON-	0021-8723	(Uk)RN152331720	JOURNAL OF AMERICAN HISTORY -BLOOMINGTON-. 91(1), 279. (2004)	Dinerstein, Swinging the Machine: Modernity, Technology, and African American Culture between the World Wars	xxu	eng	THE ORGANIATION OF AMERICAN HISTORIANS	2004
2014-01-31_JA-africa.tsv:History_3-rdf.tsv	Erenberg, L. A.	4	109	AMERICAN HISTORICAL REVIEW	0002-8762	(Uk)RN159735574	AMERICAN HISTORICAL REVIEW 109(4), 1252. (2004)	Joel Dinerstein. Swinging the Machine: Modernity, Technology, and African American Culture Between the World Wars	xxu	eng	AMERICAN HISTORICAL ASSOCIATION	2004
2014-01-31_JA-africa.tsv:History_3-rdf.tsv	Anugwom, E. E.	3	77	AFRICA -LONDON- INTERNATIONAL AFRICAN INSTITUTE-	0001-9720	(Uk)RN214265744	AFRICA -LONDON- INTERNATIONAL AFRICAN INSTITUTE- 77(3), 470. (2007)	Oliver Furley and Roy May (eds), Ending Africa's Wars: progressing to peace	xxk	eng	INTERNATIONAL AFRICAN INSTITUTE	2007
2014-01-31_JA-africa.tsv:History_3-rdf.tsv	Gordon, D.	1	44	INTERNATIONAL JOURNAL OF AFRICAN HISTORICAL STUDIES	0361-7882	(Uk)RN295390334	INTERNATIONAL JOURNAL OF AFRICAN HISTORICAL STUDIES 44(1), 182. (2011)	Stapleton, A Military History of South Africa: From the Dutch-Khoi Wars to the End of Apartheid	xxu	eng	AFRICAN STUDIES CENTER AT BOSTON UNIVERSITY	2011
2014-01-31_JA-africa.tsv:History_3-rdf.tsv	Dunak, K.	3	117	AMERICAN HISTORICAL REVIEW	0002-8762	(Uk)RN314696360	AMERICAN HISTORICAL REVIEW 117(3), 869. (2012)	Anastasia C. Curwood. Stormy Weather: Middle-Class African American Marriages between the Two World Wars	xxu	eng	AMERICAN HISTORICAL ASSOCIATION	2012
2014-01-31_JA-africa.tsv:History_4i-rdf.tsv	Allcock, S.	84		AFRICAN RESEARCH AND DOCUMENTATION	0305-862X	(Uk)RN094763666	AFRICAN RESEARCH AND DOCUMENTATION 84, 77. (2000)	Historical dictionary of civil wars in Africa, by Guy Arnold	xxk	eng	HANS ZELL PUBLISHERS	2000
2014-01-31_JA-africa.tsv:History_4i-rdf.tsv	Arnold, G.	394		AFRICAN AFFAIRS -LONDON- ROYAL AFRICAN SOCIETY-	0001-9909	(Uk)RN073930522	AFRICAN AFFAIRS -LONDON- ROYAL AFRICAN SOCIETY- 394, 142. (2000)	Historical Dictionary of Civil Wars in Africa (by Anthony Clayton)	xxk	eng	OXFORD UNIVERSITY PRESS	2000
2014-01-31_JA-america.tsv:History_1a-rdf.tsv	Meyer, W. E. H.	4	18	JOURNAL OF AMERICAN CULTURE	0191-1813	(Uk)RN010693512	JOURNAL OF AMERICAN CULTURE 18(4), 33-42. (1995)	Culture-Wars/Gender-Scars: Faulkner's South vs. America	xxu	eng	BOWLING GREEN STATE UNIV	1995
2014-01-31_JA-america.tsv:History_1a-rdf.tsv	Folks, J. J.	2	60	SOUTH ATLANTIC REVIEW	0277-335X	(Uk)RN013241132	SOUTH ATLANTIC REVIEW 60(2), 174-175. (1995)	American Culture Between the Wars: Revisionary Modernism and Postmodern Critique. By Walter Kalaidjian	xxu	eng	SOUTH ATLANTIC MODERN LANGUAGE ASSOCIATION	1995
2014-01-31_JA-america.tsv:History_1a-rdf.tsv	Proschan, F.	1	28	BULLETIN- CONCERNED ASIAN SCHOLARS	0007-4810	(Uk)RN015894623	BULLETIN- CONCERNED ASIAN SCHOLARS 28(1), 52-64. (1996)	"""Rumor, Innuendo, Propaganda, and Disinformation""; Tragic Mountains: The Hmong, the Americans, and the Secret Wars for Laos, 1942-1992, by Jane Hamilton-Merritt"	xxu	eng	CONCERNED ASIAN SCHOLARS	1996
2014-01-31_JA-america.tsv:History_1a-rdf.tsv	Walker, A. R.	2	27	JOURNAL OF SOUTHEAST ASIAN STUDIES	0022-4634	(Uk)RN018910147	JOURNAL OF SOUTHEAST ASIAN STUDIES 27(2), 435-437. (1996)	Tragic Mountains: The Hmong, the Americans, and the Secret Wars for Laos, 1942-1992. By Jane Hamilton-Merritt	my	eng	NATIONAL UNIVERSITY OF SINGAPORE	1996
2014-01-31_JA-america.tsv:History_1a-rdf.tsv	Geyer, M.	4	38	COMPARATIVE STUDIES IN SOCIETY AND HISTORY	0010-4175	(Uk)RN020484068	COMPARATIVE STUDIES IN SOCIETY AND HISTORY 38(4), 619-657. (1996)	Global Violence and Nationalizing Wars in Eurasia and America: The Geopolitics of War in the Mid-Nineteenth Century	xxk	eng	CAMBRIDGE UNIVERSITY PRESS	1996
2014-01-31_JA-america.tsv:History_1a-rdf.tsv	Rausch, J. M.	1	77	HISPANIC AMERICAN HISTORICAL REVIEW	0018-2168	(Uk)RN021229180	HISPANIC AMERICAN HISTORICAL REVIEW 77(1), 125-126. (1997)	Independence in Latin America: A Comparative Approach, by Richard Graham; Independence in Spanish America: Civil Wars, Revolutions, and Underdevelopment, by Jay Kinsbruner; Latin American Revolutions, 1808-1826: Old and New World Origins, by John Lynch	xxu	eng	HISTORY OF THE AMERICAN HISTORICAL ASSOCIATION	1997
2014-01-31_JA-america.tsv:History_1a-rdf.tsv	Lambert, A. D.	2	8	INTERNATIONAL JOURNAL OF MARITIME HISTORY	0843-8714	(Uk)RN024793758	INTERNATIONAL JOURNAL OF MARITIME HISTORY 8(2), 232-233. (1996)	Jan Glete, Navies and Nations: Warships, Navies and State Building in Europe and America, 1500-1860	xxc	eng	INTERNATIONAL MARITIME ECONOMIC HISTORY ASSOCIATION	1996
2014-01-31_JA-america.tsv:History_1a-rdf.tsv	Ortega, L.	2	29	JOURNAL OF LATIN AMERICAN STUDIES	0022-216X	(Uk)RN025933310	JOURNAL OF LATIN AMERICAN STUDIES 29(2), 509-510. (1997)	Eduardo Posada-Carbo (ed.), Wars, Parties and Nationalism: Essays on the Politics and Society of Nineteenth-Century Latin America	xxk	eng	CAMBRIDGE UNIVERSITY PRESS	1997
2014-01-31_JA-america.tsv:History_1a-rdf.tsv	Robinson, J. A. O.	WIN	2	ORAL HISTORY REVIEW	0094-0798	(Uk)RN027240240	ORAL HISTORY REVIEW 2(WIN), 107-109. (1996)	Heineman, Campus Wars: The Peace Movement at American State Universities in the Vietnam Era and Tollefson, The Strength Not to Fight: An Oral History of Conscientious Objectors of the Vietnam War	xxu	eng	ORAL HISTORY ASSOCIATION	1996
2014-01-31_JA-america.tsv:History_1a-rdf.tsv	Ryan, M. B.	2	20	JOURNAL OF AMERICAN CULTURE	0191-1813	(Uk)RN040065155	JOURNAL OF AMERICAN CULTURE 20(2), 171-176. (1997)	The American Canon Wars: A View from Mexico	xxu	eng	BOWLING GREEN STATE UNIV	1997
2014-01-31_JA-america.tsv:History_1a-rdf.tsv	Luu Doan Huynh	4	84	JOURNAL OF AMERICAN HISTORY -BLOOMINGTON-	0021-8723	(Uk)RN041798580	JOURNAL OF AMERICAN HISTORY -BLOOMINGTON- 84(4), 1464-1466. (1998)	Herring, America's Longest War; Young, The Vietnam Wars, 1945-1990; Hunt, Lyndon Johnson's War; and Olson and Roberts, Where the Domino Fell	xxu	eng	THE ORGANIATION OF AMERICAN HISTORIANS	1998
2014-01-31_JA-america.tsv:History_1a-rdf.tsv	Showalter, D. E.	1	20	INTERNATIONAL HISTORY REVIEW	0707-5332	(Uk)RN043467414	INTERNATIONAL HISTORY REVIEW 20(1), 182-183. (1998)	Foerster, Stig and Joerg Nagler, eds. On the Road to Total War: The American Civil War and the German Wars of Unification, 1861-1871	xxc	eng	INTERNATIONAL HISTORY REVIEW	1998
2014-01-31_JA-america.tsv:History_1a-rdf.tsv	Newman, S. P.	3	26	REVIEWS IN AMERICAN HISTORY	0048-7511	(Uk)RN050123730	REVIEWS IN AMERICAN HISTORY 26(3), 526-530. (1998)	Conflicting Celebrations: The Democratization of Festive Culture - Brooks McNamara, Day of Jubilee: The Great Age of Public Celebrations in New York, 1788-1909. Mary P. Ryan, Civic Wars: Democracy and Public Life in the American City during the Nineteenth Century	xxu	eng	THE JOHNS HOPKINS UNIVERSITY PRESS	1998
2014-01-31_JA-america.tsv:History_1a-rdf.tsv	Selesky, H. E.	4	55	WILLIAM AND MARY QUARTERLY	0043-5597	(Uk)RN051517039	WILLIAM AND MARY QUARTERLY 55(4), 624-626. (1998)	Colonial Wars of North America, 1512-1763: An Encyclopedia, ed. Gallay	xxu	eng	INSTITUTE OF EARLY AMERICAN HISTORY AND CULTURE	1998
2014-01-31_JA-america.tsv:History_1a-rdf.tsv	Phillips, S.	1	13	CHINA INFORMATION	0920-203X	(Uk)RN054436294	CHINA INFORMATION 13(1), 203-204. (1998)	West, Philip, et al. (Eds.), America's Wars in Asia	ne	eng	CONTEMPORARY CHINA STUDIES	1998
2014-01-31_JA-america.tsv:History_1a-rdf.tsv	Brooks, E.	4	32	NACLA REPORT ON THE AMERICAS	1071-4839	(Uk)RN056570913	NACLA REPORT ON THE AMERICAS 32(4), 32-36. (1999)	After the Wars: Cross-Border Organizing in Central America	xxu	eng	NORTH AMERICAN CONGRESS ON LATIN AMERICA, INC.	1999
2014-01-31_JA-america.tsv:History_1a-rdf.tsv	Zonderman, D. A.	3	20	PUBLIC HISTORIAN	0272-3433	(Uk)RN061815260	PUBLIC HISTORIAN 20(3), 105-108. (1998)	History Wars: The Enola Gay and Other Battles for the American Past, edited by Edward T. Linenthal and Tom Englehardt	xxu	eng	UNIVERSITY OF CALIFORNIA	1998
2014-01-31_JA-america.tsv:History_1a-rdf.tsv	Brinkmann, T.	6	47	ZEITSCHRIFT FUR GESCHICHTSWISSENSCHAFT	0044-2828	(Uk)RN062924536	ZEITSCHRIFT FUR GESCHICHTSWISSENSCHAFT -BERLIN- VEB DEUTSCHER VERLAG DER WISSENSCHAFTEN- 47(6), 561-562. (1999)	Mary Ryan: Civic Wars - Democracy and Public Life in the American City during the Nineteenth Century. Berkeley/Los Angeles/London 1997	gw	ger	METROPOL VERLAG	1999
2014-01-31_JA-america.tsv:History_1a-rdf.tsv	Calo, M. A.	3	51	AMERICAN QUARTERLY -MINNEAPOLIS-	0003-0678	(Uk)RN068781206	AMERICAN QUARTERLY -MINNEAPOLIS- 51(3), 580-621. (1999)	African American Art and Critical Discourse Between World Wars	xxu	eng	JOHNS HOPKINS UNIVERSITY PRESS	1999
2014-01-31_JA-america.tsv:History_1a-rdf.tsv	Sumida, J. T.	3	21	INTERNATIONAL HISTORY REVIEW	0707-5332	(Uk)RN069579504	INTERNATIONAL HISTORY REVIEW 21(3), 762-764. (1999)	Menon, Raja. Maritime Strategy and Continental Wars; O'Brien, Phillips Payson. British and American Naval Power: Politics and Policy, 1900-1936	xxc	eng	INTERNATIONAL HISTORY REVIEW	1999
2014-01-31_JA-america.tsv:History_1a-rdf.tsv	Rosenberg, E. S.	4	79	HISPANIC AMERICAN HISTORICAL REVIEW	0018-2168	(Uk)RN071686760	HISPANIC AMERICAN HISTORICAL REVIEW 79(4), 793-794. (1999)	Fighting for American Manhood: How Gender Politics Provoked the Spanish-American and Philippine-American Wars, by Kristin L. Hoganson	xxu	eng	HISTORY OF THE AMERICAN HISTORICAL ASSOCIATION	1999
2014-01-31_JA-america.tsv:History_1a-rdf.tsv	LAIRD, P. W.	1	28	REVIEWS IN AMERICAN HISTORY	0048-7511	(Uk)RN075683327	REVIEWS IN AMERICAN HISTORY 28(1), 96-104. (2000)	"Consuming Smoke: Cigarettes in American Culture Cassandra Tate, Cigarette Wars: The Triumph of ""The Little White Slaver"""	xxu	eng	THE JOHNS HOPKINS UNIVERSITY PRESS	2000
2014-01-31_JA-america.tsv:History_1a-rdf.tsv	Greene, J. P.	1	31	JOURNAL OF INTERDISCIPLINARY HISTORY	0022-1953	(Uk)RN080544911	JOURNAL OF INTERDISCIPLINARY HISTORY 31(1), 121-122. (2000)	The Cousins' Wars: Religion, Politics, &amp; the Triumph of Anglo-America by Kevin Phillips	xxu	eng	THE JOURNAL OF INTERDISCIPLINARY HISTORY	2000
2014-01-31_JA-america.tsv:History_1a-rdf.tsv	Thompson, J. A.	2	22	INTERNATIONAL HISTORY REVIEW	0707-5332	(Uk)RN081667937	INTERNATIONAL HISTORY REVIEW 22(2), 447-448. (2000)	MOSER, JOHN E. Twisting the Lion's Tail: American Anglophobia between the World Wars	xxc	eng	INTERNATIONAL HISTORY REVIEW	2000
2014-01-31_JA-america.tsv:History_1a-rdf.tsv	Melling, P.	4	5	BORDERLINES -SWANSEA-	0968-7475	(Uk)RN082401982	BORDERLINES -SWANSEA- 5(4), 339-358	Wars Without Borders: Militarism in American Cinema	xxk	eng		
2014-01-31_JA-america.tsv:History_1a-rdf.tsv	Carroll, F. M.	3	35	CANADIAN JOURNAL OF HISTORY	0008-4107	(Uk)RN091827190	CANADIAN JOURNAL OF HISTORY 35(3), 620-621. (2000)	B.J.C. McKercher, Transition of Power: Britain's Loss of Global Pre-eminence to the United States, 1930-1945 and J.E. Moser, Twisting the Lion's Tail: American Anglophobia Between the World Wars	xxc	eng	THE UNIVERSITY OF SASKATCHEWAN	2000
2014-01-31_JA-america.tsv:History_1a-rdf.tsv	Scully, E. P.	1	70	PACIFIC HISTORICAL REVIEW	0030-8684	(Uk)RN092396459	PACIFIC HISTORICAL REVIEW 70(1), 165-166. (2001)	Hoganson, Fighting for American Manhood: How Gender Politics Provoked the Spanish-American and Philippine-American Wars	xxu	eng	AMERICAN HISTORICAL ASSOCIATION	2001
2014-01-31_JA-america.tsv:History_1a-rdf.tsv	McGovern, S. J.	2	70	PACIFIC HISTORICAL REVIEW	0030-8684	(Uk)RN096000558	PACIFIC HISTORICAL REVIEW 70(2), 332-333. (2001)	Rodriguez, City Against Suburb: The Culture Wars in an American Metropolis	xxu	eng	AMERICAN HISTORICAL ASSOCIATION	2001
2014-01-31_JA-america.tsv:History_1a-rdf.tsv	Bray, T. L.	3	66	AMERICAN ANTIQUITY	0002-7316	(Uk)RN099470161	AMERICAN ANTIQUITY 66(3), 547-548. (2001)	Riddle of the Bones: Politics, Science, Race, and the Story of Kennewick Man, by Roger Downey; and Skull Wars: Kennewick Man, Archaeology, and the Battle for Native American Identity, by David H. Thomas	xxu	eng	SOCIETY FOR AMERICAN ARCHAEOLOGY	2001
2014-01-31_JA-america.tsv:History_1a-rdf.tsv	Bolelli, D.	4	24	AMERICAN INDIAN CULTURE AND RESEARCH JOURNAL	0161-6463	(Uk)RN102395566	AMERICAN INDIAN CULTURE AND RESEARCH JOURNAL 24(4), 210-211. (2000)	Spirit Wars: Native North American Religions in the Age of Nation Building. By Ronald Niezen	xxu	eng	UNIVERSITY OF CALIFORNIA	2000
2014-01-31_JA-america.tsv:History_1a-rdf.tsv	Kull, S.	4	19	BROOKINGS REVIEW	0745-1253	(Uk)RN102620021	BROOKINGS REVIEW 19(4), 18-21. (2001)	CULTURE WARS? How Americans and Europeans view globalization	xxu	eng	THE BROOKINGS INSTITUTION	2001
2014-01-31_JA-america.tsv:History_1a-rdf.tsv	Bristow, N. K.	1	30	REVIEWS IN AMERICAN HISTORY	0048-7511	(Uk)RN110963026	REVIEWS IN AMERICAN HISTORY 30(1), 114-123. (2002)	Battling Breast Cancer: Barron H. Lerner, The Breast Cancer Wars: Hope, Fear, and the Pursuit of a Cure in Twentieth-Century America	xxu	eng	THE JOHNS HOPKINS UNIVERSITY PRESS	2002
2014-01-31_JA-america.tsv:History_1a-rdf.tsv	Rushforth, B.	2	49	ETHNOHISTORY	0014-1801	(Uk)RN115323313	ETHNOHISTORY 49(2), 414-416. (2002)	Ronald Niezen: Spirit Wars: Native North American Religions in the Age of Nation Building; Lawrence E. Sullivan: Native Religions and Cultures of North America	xxu	eng	DUKE UNIVERSITY PRESS	2002
2014-01-31_JA-america.tsv:History_1a-rdf.tsv	Selesky, H. E.	3	59	WILLIAM AND MARY QUARTERLY	0043-5597	(Uk)RN117590550	WILLIAM AND MARY QUARTERLY 59(3), 746-766	"""Imperial Wars,"" review-essay of NESTER, The Great Frontier War: Britain, France, and the Imperial Struggle for North America, 1607-1755; BRECHER, Losing a Continent: France's North American Policy, 1753-1763; NESTER, ""Haughty Conquerors"": Amherst and the Great Indian Uprising of 1763; DUNN, The New Imperial Economy: The British Army and the American Frontier, 1764-1768; and BRASSEAUX, France's Forgotten Legion: Service Records of French Military and Administrative Personnel Stationed in the Mississippi Valley and Gulf Coast Region, 1699-1769"	xxu	eng		
2014-01-31_JA-america.tsv:History_1a-rdf.tsv	Sabet, A. G. E.	2	29	BRITISH JOURNAL OF MIDDLE EASTERN STUDIES	1353-0194	(Uk)RN122851813	BRITISH JOURNAL OF MIDDLE EASTERN STUDIES 29(2), 198-199. (2002)	JOHN K. COOLEY, Unholy Wars: Afghanistan, America and International Terrorism, new edn.; MICHAEL GRIFFIN, Reaping the Whirlwind: The Taliban Movement in Afghanistan	xxk	eng	BRITISH SOCIETY FOR MIDDLE EASTERN STUDIES	2002
2014-01-31_JA-america.tsv:History_1a-rdf.tsv	McEnroe, S.	1	104	OREGON HISTORICAL QUARTERLY	0030-4727	(Uk)RN129725588	OREGON HISTORICAL QUARTERLY 104(1), 24-61. (2003)	Painting the Philippines with an American Brush: Visions of Race and National Mission among the Oregon Volunteers in the Philippine Wars of 1898 and 1899	xxu	eng	OREGON HISTORICAL SOCIETY	2003
2014-01-31_JA-america.tsv:History_1a-rdf.tsv	Beadie, N.	4	22	JOURNAL OF AMERICAN ETHNIC HISTORY	0278-5927	(Uk)RN137778621	JOURNAL OF AMERICAN ETHNIC HISTORY 22(4), 82-83. (2003)	Whose America: Culture Wars in the Public Schools, by Jonathan Zimmerman	xxu	eng	TRANSACTION PERIODICALS CONSORTIUM	2003
2014-01-31_JA-america.tsv:History_1a-rdf.tsv	Eckert, A. M.	3	277	HISTORISCHE ZEITSCHRIFT	0018-2613	(Uk)RN142646340	HISTORISCHE ZEITSCHRIFT 277(3), 824-825. (2003)	V. R. Berghahn, America and the Intellectual Cold Wars in Europe. Shepard Stone between Philanthropy, Academy, and Diplomacy	gw	ger	BOEHLAU VERLAG HISTORISCHE ANTHROPOLOGIE	2003
2014-01-31_JA-america.tsv:History_1a-rdf.tsv	Young, R.	4	68	SOUTH ATLANTIC REVIEW	0277-335X	(Uk)RN145559970	SOUTH ATLANTIC REVIEW 68(4), 127-131. (2003)	Nationalism, Marxism, and African American Literature Between the Wars: A New Pandora's Box- by Anthony Dawahare	xxu	eng	SOUTH ATLANTIC MODERN LANGUAGE ASSOCIATION	2003
2014-01-31_JA-america.tsv:History_1a-rdf.tsv	Anna, T. E.	1	26	INTERNATIONAL HISTORY REVIEW	0707-5332	(Uk)RN148847769	INTERNATIONAL HISTORY REVIEW 26(1), 126-128. (2004)	Scheina, Robert L. Latin America's Wars: I: The Age of the Caudillo, 1791-1899; Leuchars, Chris. To the Bitter End: Paraguay and the War of the Triple Alliance	xxc	eng	INTERNATIONAL HISTORY REVIEW	2004
2014-01-31_JA-america.tsv:History_1a-rdf.tsv	Brown, E. H.	2	56	AMERICAN QUARTERLY -MINNEAPOLIS-	0003-0678	(Uk)RN152484780	AMERICAN QUARTERLY -MINNEAPOLIS-. 56(2), 449-460. (2004)	Technology, Culture and the Body in Modern America Review of The Body Electric: How Strange Machines Built the Modern American. By Carolyn Thomas de la Pena.; Swinging the Machine: Modernity, Technology, and African American Culture between the World Wars. By Joel Dinerstein	xxu	eng	JOHNS HOPKINS UNIVERSITY PRESS	2004
2014-01-31_JA-america.tsv:History_1a-rdf.tsv	Topik, S.	1	110	AMERICAN HISTORICAL REVIEW	0002-8762	(Uk)RN164315290	AMERICAN HISTORICAL REVIEW 110(1), 186-187. (2005)	Steve Striffler and Mark Moberg, editors. Banana Wars: Power, Production, and History in the Americas	xxu	eng	AMERICAN HISTORICAL ASSOCIATION	2005
2014-01-31_JA-america.tsv:History_1a-rdf.tsv	Langley, L. D.	1	27	INTERNATIONAL HISTORY REVIEW	0707-5332	(Uk)RN166966114	INTERNATIONAL HISTORY REVIEW 27(1), 153-154. (2005)	Striffler, Steve and Mark Moberg, eds. Banana Wars: Power, Production, and History in the Americas	xxc	eng	INTERNATIONAL HISTORY REVIEW	2005
2014-01-31_JA-america.tsv:History_1a-rdf.tsv	Chomsky, A.	2	85	HISPANIC AMERICAN HISTORICAL REVIEW	0018-2168	(Uk)RN168434685	HISPANIC AMERICAN HISTORICAL REVIEW 85(2), 367-368. (2005)	Banana Wars: Power, Production, and History in the Americas, edited by Steve Striffler and Mark Moberg	xxu	eng	HISTORY OF THE AMERICAN HISTORICAL ASSOCIATION	2005
2014-01-31_JA-america.tsv:History_1b-rdf.tsv	Dutton, G.	2	31	AMERASIA JOURNAL	0044-7471	(Uk)RN176529706	AMERASIA JOURNAL 31(2), 116-120. (2005)	Reflections on Two American Wars	xxu	eng	UNIVERSITY OF CALIFORNIA	2005
2014-01-31_JA-america.tsv:History_1b-rdf.tsv	Petigny, A.	2	34	REVIEWS IN AMERICAN HISTORY	0048-7511	(Uk)RN189836920	REVIEWS IN AMERICAN HISTORY 34(2), 238-243. (2006)	Resisting the Complacency Narrative: Sixties Social Unrest and Its Relation to the 1950s Mark Hamilton Lytle, America's Uncivil Wars: The Sixties Era from Elvis to the Fall of Richard Nixon	xxu	eng	THE JOHNS HOPKINS UNIVERSITY PRESS	2006
2014-01-31_JA-america.tsv:History_1b-rdf.tsv	Kuniholm, B. R.	3	28	INTERNATIONAL HISTORY REVIEW	0707-5332	(Uk)RN196358698	INTERNATIONAL HISTORY REVIEW 28(3), 674-675. (2006)	Pelletiere, Stephen. America's Oil Wars; Yetiv, Steve A. Crude Awakenings: Global Oil Security and American Foreign Policy	xxc	eng	INTERNATIONAL HISTORY REVIEW	2006
2014-01-31_JA-america.tsv:History_1b-rdf.tsv	Bronson, R.	4	38	INTERNATIONAL JOURNAL OF MIDDLE EAST STUDIES	0020-7438	(Uk)RN198204170	INTERNATIONAL JOURNAL OF MIDDLE EAST STUDIES 38(4), 617-618. (2006)	Stephen C. Pelletiere, America's Oil Wars	xxk	eng	CAMBRIDGE UNIVERSITY PRESS	2006
2014-01-31_JA-america.tsv:History_1b-rdf.tsv	Hajjar, L.	141	1	JOURNAL OF PALESTINE STUDIES -BEIRUT THEN BERKELEY-	0377-919X	(Uk)RN198930970	JOURNAL OF PALESTINE STUDIES -BEIRUT THEN BERKELEY- 1(141), 21-42. (2006)	"International Humanitarian Law and ""Wars on Terror"": A Comparative Analysis of Israeli and American Doctrines and Policies"	xxu	eng	THE UNIVERSITY OF CALIFORNIA PRESS	2006
2014-01-31_JA-america.tsv:History_1b-rdf.tsv	Parmenter, J.	1	64	WILLIAM AND MARY QUARTERLY	0043-5597	(Uk)RN205160643	WILLIAM AND MARY QUARTERLY 64(1), 39-82	After the Mourning Wars: The Iroquois as Allies in Colonial North American Campaigns, 1676-1760	xxu	eng		
2014-01-31_JA-america.tsv:History_1b-rdf.tsv	Launius, R. D.	1	29	PUBLIC HISTORIAN	0272-3433	(Uk)RN205249744	PUBLIC HISTORIAN 29(1), 13-30. (2007)	American Memory, Culture Wars, and the Challenge of Presenting Science and Technology in a National Museum	xxu	eng	UNIVERSITY OF CALIFORNIA	2007
2014-01-31_JA-america.tsv:History_1b-rdf.tsv	Guida, G.	2	25	ITALIAN AMERICANA	0096-8846	(Uk)RN210195139	ITALIAN AMERICANA 25(2), 222-226. (2007)	Ink In the Streets: Dana Gioia, the New Poetry Wars, and Italian American Poetry-A review essay of Disappearing Ink: Poetry at the End of Print Culture by Dana Gioia	xxu	eng	UNIVERSITY OF RHODE ISLAND	2007
2014-01-31_JA-america.tsv:History_1b-rdf.tsv	Gatewood, J. V.	2	59	AMERICAN QUARTERLY -MINNEAPOLIS-	0003-0678	(Uk)RN210642843	AMERICAN QUARTERLY -MINNEAPOLIS- 59(2), 503-510. (2007)	Buy the Book: The Bookstore Wars in American Culture	xxu	eng	JOHNS HOPKINS UNIVERSITY PRESS	2007
2014-01-31_JA-america.tsv:History_1b-rdf.tsv	Kramer, J.	2	36	REVIEWS IN AMERICAN HISTORY	0048-7511	(Uk)RN231163631	REVIEWS IN AMERICAN HISTORY 36(2), 223-230. (2008)	Wars of Incorporation Rebecca Edwards, New Spirits: Americans in the Gilded Age, 1865-1905	xxu	eng	THE JOHNS HOPKINS UNIVERSITY PRESS	2008
2014-01-31_JA-america.tsv:History_1b-rdf.tsv	Bruce, S.U.	4	22	MAGAZINE OF HISTORY	0882-228X	(Uk)RN238622590	MAGAZINE OF HISTORY 22(4), 41-46. (2008)	American Wars on the Web: Internet Resources for Teaching Military History	xxu	eng	ORGANIZATION OF AMERICAN HISTORIANS	2008
2014-01-31_JA-america.tsv:History_1b-rdf.tsv	Kaledin, E.	4	70	HISTORIAN -ALBUQUERQUE THEN ALLENTOWN-	0018-2370	(Uk)RN241565694	HISTORIAN -ALBUQUERQUE THEN ALLENTOWN- 70(4), 786-788. (2008)	Daily Lives of Civilians in Wartime Modern America: From the Indian Wars to the Vietnam War - Edited by David S. Heidler and Jeanne T. Heidler	xxu	eng	Blackwell Publishing Ltd	2008
2014-01-31_JA-america.tsv:History_1b-rdf.tsv	Hopkins, F.	03-Apr	18	NORTHERN MARINER	1183-112X	(Uk)RN242733379	NORTHERN MARINER 18(3/4), 93-104. (2008)	For Freedom and Profit: Baltimore Privateers in the Wars of South American Independence, 1815-1824	xxc	eng	CNRS	2008
2014-01-31_JA-america.tsv:History_1b-rdf.tsv	Johnson, S.E.	1	61	AMERICAN QUARTERLY -MINNEAPOLIS-	0003-0678	(Uk)RN248077254	AMERICAN QUARTERLY -MINNEAPOLIS- 61(1), 65-92. (2009)	``You Should Give them Blacks to Eat:'' Waging Inter-American Wars of Torture and Terror	xxu	eng	JOHNS HOPKINS UNIVERSITY PRESS	2009
2014-01-31_JA-america.tsv:History_1b-rdf.tsv	Holm, T.	3	31	PUBLIC HISTORIAN	0272-3433	(Uk)RN258551513	PUBLIC HISTORIAN 31(3), 110-111. (2009)	Why We Fought: America's Wars in Film and History edited by Peter C. Rollins and John E. O'Connor	xxu	eng	UNIVERSITY OF CALIFORNIA	2009
2014-01-31_JA-america.tsv:History_1b-rdf.tsv	Bartlett, T.	3	31	INTERNATIONAL HISTORY REVIEW	0707-5332	(Uk)RN260957362	INTERNATIONAL HISTORY REVIEW 31(3), 626-627. (2009)	Bric, Maurice J. Ireland, Philadelphia, and the Re-Invention of America, 1760-1800; Childs, John. The Williamite Wars in Ireland, 1688-91	xxc	eng	INTERNATIONAL HISTORY REVIEW	2009
2014-01-31_JA-america.tsv:History_1b-rdf.tsv	Reiss, S.	1	43	NACLA REPORT ON THE AMERICAS	1071-4839	(Uk)RN264292577	NACLA REPORT ON THE AMERICAS 43(1), 27-31. (2010)	Beyond Supply and Demand: Obama's Drug Wars in Latin America	xxu	eng	NORTH AMERICAN CONGRESS ON LATIN AMERICA, INC.	2010
2014-01-31_JA-america.tsv:History_1b-rdf.tsv	Bockert, J.	1	32	PUBLIC HISTORIAN	0272-3433	(Uk)RN267808661	PUBLIC HISTORIAN 32(1), 126-127. (2010)	Wars within a War: Controversy and Conflict in the American Civil War edited by Joan Waugh and Gary W. Gallagher	xxu	eng	UNIVERSITY OF CALIFORNIA	2010
2014-01-31_JA-america.tsv:History_1b-rdf.tsv	Lasso, M.	2	31	SLAVERY AND ABOLITION	0144-039X	(Uk)RN271995269	SLAVERY AND ABOLITION 31(2), 302-304. (2010)	Under the Flags of Freedom: Slave Soldiers and the Wars of Independence in Spanish South America	xxk	eng	Taylor & Francis	2010
2014-01-31_JA-america.tsv:History_1b-rdf.tsv	Klapper, M.R.	3	97	JOURNAL OF AMERICAN HISTORY -BLOOMINGTON-	0021-8723	(Uk)RN283973023	JOURNAL OF AMERICAN HISTORY -BLOOMINGTON- 97(3), 636-658. (2010)	``Those by Whose Side We Have Labored'': American Jewish Women and the Peace Movement between the Wars	xxu	eng	THE ORGANIATION OF AMERICAN HISTORIANS	2010
2014-01-31_JA-america.tsv:History_1b-rdf.tsv	Kerr-Ritchie, J.R.	03-Apr	95	JOURNAL OF AFRICAN AMERICAN HISTORY	1548-1867	(Uk)RN284353430	JOURNAL OF AFRICAN AMERICAN HISTORY 95(3/4), 437-439. (2010)	Peter Blanchard, UNDER THE FLAGS OF FREEDOM: SLAVE SOLDIERS AND THE WARS OF INDEPENDENCE IN SPANISH SOUTH AMERICA	xxu	eng	ASSOCIATION FOR THE STUDY OF AFRICAN AMERICAN LIFE AND HISTORY	2010
2014-01-31_JA-america.tsv:History_1b-rdf.tsv	Rietzler, K.	223	84	HISTORICAL RESEARCH -OXFORD-	0950-3471	(Uk)RN285724764	HISTORICAL RESEARCH -OXFORD- 84(223), 148-164. (2011)	Before the Cultural Cold Wars: American philanthropy and cultural diplomacy in the inter-war years	xxk	eng	Blackwell Publishing Ltd.	2011
2014-01-31_JA-america.tsv:History_1b-rdf.tsv	Miller, B.C.	1	95	GEORGIA HISTORICAL QUARTERLY	0016-8297	(Uk)RN288991002	GEORGIA HISTORICAL QUARTERLY 95(1), 163-164. (2011)	WAUGH and GALLAGHER, eds., Wars Within a War: Controversy and Conflict Over the American Civil War	xxu	eng	UNIVERSITY OF GEORGIA	2011
2014-01-31_JA-america.tsv:History_1b-rdf.tsv	Kuhl, M.	1	12	AMERICAN NINETEENTH CENTURY HISTORY	1466-4658	(Uk)RN289927201	AMERICAN NINETEENTH CENTURY HISTORY 12(1), 25-48. (2011)	"""We Have Seen the Fate of the Indian"": Western Influences on African American Leadership in the Shadow of the Plains Wars"	xxk	eng	Taylor & Francis	2011
2014-01-31_JA-america.tsv:History_1b-rdf.tsv	Atkin, N.	3	108	REGISTER- KENTUCKY HISTORICAL SOCIETY	0023-0243	(Uk)RN290098073	REGISTER- KENTUCKY HISTORICAL SOCIETY 108(3), 301-302. (2010)	Monahan and Neidel-Greenlee, A Few Good Women: America's Military Women From World War I to the Wars in Iraq and Afghanistan	xxu	eng	KENTUCKY HISTORICAL SOCIETY	2010
2014-01-31_JA-america.tsv:History_1b-rdf.tsv	McCarthy, M.	1	23	INTERNATIONAL JOURNAL OF MARITIME HISTORY	0843-8714	(Uk)RN295056300	INTERNATIONAL JOURNAL OF MARITIME HISTORY 23(1), 277-292. (2011)	`A Delicate Question of a Political Nature:' The Corso Insurgente and British Commercial Policy during the Spanish-American Wars of Independence, 1810-1824	xxc	eng	INTERNATIONAL MARITIME ECONOMIC HISTORY ASSOCIATION	2011
2014-01-31_JA-america.tsv:History_1b-rdf.tsv	Dangerfield, D.	2	12	AMERICAN NINETEENTH CENTURY HISTORY	1466-4658	(Uk)RN297969709	AMERICAN NINETEENTH CENTURY HISTORY 12(2), 250-252. (2011)	Wars Within a War: Controversy and Conflict Over the American Civil War	xxk	eng	Taylor & Francis	2011
2014-01-31_JA-america.tsv:History_1b-rdf.tsv	Young, M.B.	4	43	CRITICAL ASIAN STUDIES	1467-2715	(Uk)RN305439676	CRITICAL ASIAN STUDIES 43(4), 649-652. (2011)	Bing West. The Wrong War: Grit, Strategy, and the Way Out of Afghanistan, Tom Engelhardt. The American Way of War: How Bush's Wars Became Obama's	xxk	eng	Taylor & Francis	2011
2014-01-31_JA-america.tsv:History_1b-rdf.tsv	Sheppard, T.	1	74	HISTORIAN -ALBUQUERQUE THEN ALLENTOWN-	0018-2370	(Uk)RN308571383	HISTORIAN -ALBUQUERQUE THEN ALLENTOWN- 74(1), 109-110. (2012)	Enduring Battle: American Soldiers in Three Wars, 1776-1945 - By Christopher Hamner	xxu	eng	Blackwell Publishing Ltd	2012
2014-01-31_JA-america.tsv:History_1b-rdf.tsv	Phillips, G.	1	43	JOURNAL OF INTERDISCIPLINARY HISTORY	0022-1953	(Uk)RN313270693	JOURNAL OF INTERDISCIPLINARY HISTORY 43(1), 125-126. (2012)	Enduring Battle: American Soldiers in Three Wars, 1776-1945 by Christopher H. Hamner	xxu	eng	THE JOURNAL OF INTERDISCIPLINARY HISTORY	2012
2014-01-31_JA-america.tsv:History_1b-rdf.tsv	Lindaman, M.	2	74	HISTORIAN -ALBUQUERQUE THEN ALLENTOWN-	0018-2370	(Uk)RN313559723	HISTORIAN -ALBUQUERQUE THEN ALLENTOWN- 74(2), 428-429. (2012)	Becoming Americans in Paris: Transatlantic Politics and Culture between the World Wars - By Brooke L. Blower	xxu	eng	Blackwell Publishing Ltd	2012
2014-01-31_JA-america.tsv:History_1b-rdf.tsv	Ousselin, E.	3	66	FRENCH STUDIES	0016-1128	(Uk)RN315692750	FRENCH STUDIES 66(3), 423-424. (2012)	Becoming Americans in Paris: Transatlantic Politics and Culture between the World Wars	xxk	eng	Oxford University Press	2012
2014-01-31_JA-america.tsv:History_1b-rdf.tsv	Nugent, W.	3	81	PACIFIC HISTORICAL REVIEW	0030-8684	(Uk)RN316513601	PACIFIC HISTORICAL REVIEW 81(3), 480-481. (2012)	Schuler, Secret Wars and Secret Policies in the Americas, 1842-1929	xxu	eng	University of California Press	2012
2014-01-31_JA-america.tsv:History_1b-rdf.tsv	Walton, A.W.	3	84	JOURNAL OF MODERN HISTORY	0022-2801	(Uk)RN317215403	JOURNAL OF MODERN HISTORY 84(3), 744-745. (2012)	Brooke L. Blower, Becoming Americans in Paris: Transatlantic Politics and Culture between the World Wars	xxu	eng	THE UNIVERSITY OF CHICAGO PRESS	2012
2014-01-31_JA-america.tsv:History_1b-rdf.tsv	Kramer, L.	3	40	REVIEWS IN AMERICAN HISTORY	0048-7511	(Uk)RN319352064	REVIEWS IN AMERICAN HISTORY 40(3), 475-480. (2012)	Brooke L. Blower, Becoming Americans in Paris: Transatlantic Politics and Culture between the World Wars	xxu	eng	THE JOHNS HOPKINS UNIVERSITY PRESS	2012
2014-01-31_JA-america.tsv:History_1b-rdf.tsv	Bruscino, T.	4	40	REVIEWS IN AMERICAN HISTORY	0048-7511	(Uk)RN325060114	REVIEWS IN AMERICAN HISTORY 40(4), 572-580. (2012)	American Military History: A Look at the Field Justus D. Doenecke, Nothing Less Than War: A New History of America's Entry into World War I Christopher H. Hamner, Enduring Battle: American Soldiers in Three Wars, 1776-1945 Wayne E. Lee, Barbarians and Brothers: Anglo-American Warfare, 1500-1865 Michael R. Matheny, Carrying the War to the Enemy: American Operational Art to 1945	xxu	eng	THE JOHNS HOPKINS UNIVERSITY PRESS	2012
2014-01-31_JA-america.tsv:History_1b-rdf.tsv	Abu-Remaileh, R.	2	44	INTERNATIONAL JOURNAL OF MIDDLE EAST STUDIES	0020-7438	(Uk)RN329009796	INTERNATIONAL JOURNAL OF MIDDLE EAST STUDIES 44(2), 366-368. (2012)	Samia Mehrez, Egypt's Culture Wars: Politics and Practice (Cairo: American University in Cairo Press, 2010). Pp. 352. $24.95 paper	xxk	eng	CAMBRIDGE UNIVERSITY PRESS	2012
2014-01-31_JA-america.tsv:History_1b-rdf.tsv	Foster, A.L.	1	41	REVIEWS IN AMERICAN HISTORY	0048-7511	(Uk)RN329255084	REVIEWS IN AMERICAN HISTORY 41(1), 134-139. (2013)	Imperial Acceptance and Decline of Empire Michael H. Hunt and Steven I. Levine, Arc of Empire: America's Wars in Asia from the Philippines to Vietnam	xxu	eng	THE JOHNS HOPKINS UNIVERSITY PRESS	2013
2014-01-31_JA-america.tsv:History_1b-rdf.tsv	Clymer, K.	3	118	AMERICAN HISTORICAL REVIEW	0002-8762	(Uk)RN333755621	AMERICAN HISTORICAL REVIEW 118(3), 888-889. (2013)	Michael H. Hunt and Steven I. Levine. Arc of Empire: America's Wars in Asia from the Philippines to Vietnam	xxu	eng	AMERICAN HISTORICAL ASSOCIATION; OUP	2013
2014-01-31_JA-america.tsv:History_2i-rdf.tsv	Ruffins, F. D.	68		RADICAL HISTORY REVIEW	0163-6545	(Uk)RN024891793	RADICAL HISTORY REVIEW 68, 79-102. (1997)	Culture Wars Won and Lost: Ethnic Museums on the Mall, Part I: The National Holocaust Museum and the National Museum of the American Indian	xxu	eng	MARHO	1997
2014-01-31_JA-america.tsv:History_2i-rdf.tsv	Ruffins, F. D.	70		RADICAL HISTORY REVIEW	0163-6545	(Uk)RN038517510	RADICAL HISTORY REVIEW 70, 78-101. (1998)	Culture Wars Won and Lost, Part II: The National African-American Museum Project	xxu	eng	MARHO	1998
2014-01-31_JA-america.tsv:History_2i-rdf.tsv	Melish, J. P.	79		RADICAL HISTORY REVIEW	0163-6545	(Uk)RN090553951	RADICAL HISTORY REVIEW 79, 157-168. (2001)	Review of Mary P. Ryan, Civic Wars: Democracy and Public Life in the American City during the Nineteenth Century, and David Waldstreicher, In the Midst of Perpetual Fetes: The Making of American Nationalism, 1776-1820	xxu	eng	MARHO	2001
2014-01-31_JA-america.tsv:History_2v-rdf.tsv	Davies, G.		37	EUROPEAN CONTRIBUTIONS TO AMERICAN STUDIES		(Uk)RN012037259	EUROPEAN CONTRIBUTIONS TO AMERICAN STUDIES 37, 146-159. (1996)	North American Anti-Poverty Wars: Canada and the United States in Comparative Perspective	ne	eng	VU UNIVERSITY PRESS	1996
2014-01-31_JA-america.tsv:History_2v-rdf.tsv	Versluys, K.		43	EUROPEAN CONTRIBUTIONS TO AMERICAN STUDIES	1387-9332	(Uk)RN078142868	EUROPEAN CONTRIBUTIONS TO AMERICAN STUDIES 43, 359-366. (1999)	VEERING TOWARDS THE CENTER THE STUDY OF AMERICAN LITERATURE AFTER THE CULTURE WARS	ne	eng	Amsterdam; VU University Press	1999
2014-01-31_JA-america.tsv:History_3-rdf.tsv	Ellwood, D.	4	44	HISTORY TODAY	0018-2753	(Uk)EN014928212	HISTORY TODAY 44(4), 6. (1994)	Past precedents for `movie' wars between America and Europe	xxk		HISTORY TODAY LTD	1994
2014-01-31_JA-america.tsv:History_3-rdf.tsv	Wickham-Crowley, T. P.	4	75	HISPANIC AMERICAN HISTORICAL REVIEW	0018-2168	(Uk)RN000781850	HISPANIC AMERICAN HISTORICAL REVIEW 75(4), 730. (1995)	The Guerrilla Wars of Central America: Nicaragua, El Salvador, and Guatemala, by Saul Landau	xxu	eng	HISTORY OF THE AMERICAN HISTORICAL ASSOCIATION	1995
2014-01-31_JA-america.tsv:History_3-rdf.tsv	Crass, D. C.	1	29	HISTORICAL ARCHAEOLOGY	0440-9213	(Uk)ZT000243723	HISTORICAL ARCHAEOLOGY 29(1), 117. (1995)	Steffen: The Horse Soldier. Vol. 3, The Last of the Indian Wars, the Spanish-American War, the Brink of the Great War 1881-1916	xxu		THE SOCIETY FOR HISTORICAL ARCHAEOLOGY	1995
2014-01-31_JA-america.tsv:History_3-rdf.tsv	Webre, S.	4	81	JOURNAL OF AMERICAN HISTORY -BLOOMINGTON-	0021-8723	(Uk)ZT001597048	JOURNAL OF AMERICAN HISTORY -BLOOMINGTON- 81(4), 1846. (1995)	Landau, The Guerrilla Wars of Central America	xxu		THE ORGANIATION OF AMERICAN HISTORIANS	1995
2014-01-31_JA-america.tsv:History_3-rdf.tsv	Foerster, S.	5	102	AMERICAN HISTORICAL REVIEW	0002-8762	(Uk)RN038358200	AMERICAN HISTORICAL REVIEW 102(5), 1603. (1997)	On the Road to Total War: The American Civil War and the German Wars of Unification, 1861-1871	xxu	eng	AMERICAN HISTORICAL ASSOCIATION	1997
2014-01-31_JA-america.tsv:History_3-rdf.tsv	Metzler, G.	5	46	ZEITSCHRIFT FUR GESCHICHTSWISSENSCHAFT	0044-2828	(Uk)RN044221135	ZEITSCHRIFT FUR GESCHICHTSWISSENSCHAFT -BERLIN- VEB DEUTSCHER VERLAG DER WISSENSCHAFTEN- 46(5), 462. (1998)	Stig Foerster Joerg Nagler On the Road to Total War. The American Civil War and the German Wars of Unification, 1861-1871. Cambridge 1997	gw	ger	METROPOL VERLAG	1998
2014-01-31_JA-america.tsv:History_3-rdf.tsv	Johnson, P. E.	3	103	AMERICAN HISTORICAL REVIEW	0002-8762	(Uk)RN046783610	AMERICAN HISTORICAL REVIEW 103(3), 972. (1998)	Mary P. Ryan. Civic Wars: Democracy and Public Life in the American City during the Nineteenth Century	xxu	eng	AMERICAN HISTORICAL ASSOCIATION	1998
2014-01-31_JA-america.tsv:History_3-rdf.tsv	Baker, P.	2	32	JOURNAL OF SOCIAL HISTORY	0022-4529	(Uk)RN053184029	JOURNAL OF SOCIAL HISTORY -BERKELEY THEN PITTSBURGH- 32(2), 458. (1998)	Civic Wars: Democracy and Public Life in the American City During the Nineteenth Century. By Mary P. Ryan	xxu	eng	CARNEGIE MELLON UNIVERSITY PRESS	1998
2014-01-31_JA-america.tsv:History_3-rdf.tsv	Foerster	455	114	ENGLISH HISTORICAL REVIEW	0013-8266	(Uk)RN056396330	ENGLISH HISTORICAL REVIEW 114(455), 229. (1999)	On the Road to Total War. The American Civil War and the German Wars of Unification	xxk	eng	LONGMAN GROUP LIMITED	1999
2014-01-31_JA-america.tsv:History_3-rdf.tsv	Soybel, P.	2	31	HISTORY TEACHER -LONG BEACH-	0018-2745	(Uk)RN061452655	HISTORY TEACHER -LONG BEACH- 31(2), 285. (1998)	Linenthal and Engelhardt, eds., History Wars: The Enola Gay and Other Battles for the American Past	xxu	eng	THE UNIVERSITY PRESS	1998
2014-01-31_JA-america.tsv:History_3-rdf.tsv	White, G.	2	58	JOURNAL OF ASIAN STUDIES -ANN ARBOR-	0021-9118	(Uk)RN063467844	JOURNAL OF ASIAN STUDIES -ANN ARBOR- 58(2), 474. (1999)	West, Levine, and Hiltz (eds.), American's Wars in Asia: A Cultural Approach to History and Memory	xxu	eng	PRINCETON UNIVERSITY PRESS	1999
2014-01-31_JA-america.tsv:History_3-rdf.tsv	Langewiesche, D.	1	269	HISTORISCHE ZEITSCHRIFT	0018-2613	(Uk)RN065781700	HISTORISCHE ZEITSCHRIFT 269(1), 211. (1999)	S. Foerster/J. Nangler (Eds.), Oil the Road to Total War. The American Civil War and the German Wars of Unification, 1861-1871	gw	ger	BOEHLAU VERLAG HISTORISCHE ANTHROPOLOGIE	1999
2014-01-31_JA-america.tsv:History_3-rdf.tsv	Ninkovich, F.	3	27	REVIEWS IN AMERICAN HISTORY	0048-7511	(Uk)RN067483625	REVIEWS IN AMERICAN HISTORY 27(3), 444. (1999)	Cuba, the Philipines, and the Hundred Years' War. Kristin L. Hoganson, Fighting for American Manhood: How Gender Politics Provoked the Spanish-American and Philippine-American Wars	xxu	eng	THE JOHNS HOPKINS UNIVERSITY PRESS	1999
2014-01-31_JA-america.tsv:History_3-rdf.tsv	Whitfield, S. J.	4	68	PACIFIC HISTORICAL REVIEW	0030-8684	(Uk)RN071221635	PACIFIC HISTORICAL REVIEW 68(4), 683. (1999)	West, Levine, and Hiltz, eds., America's Wars in Asia: A Cultural Approach to History and Memory	xxu	eng	AMERICAN HISTORICAL ASSOCIATION	1999
2014-01-31_JA-america.tsv:History_3-rdf.tsv	Countryman, E.	5	104	AMERICAN HISTORICAL REVIEW	0002-8762	(Uk)RN073546618	AMERICAN HISTORICAL REVIEW 104(5), 1636. (1999)	KEVIN PHILLIPS. The Cousins' Wars: Religion, Politics, and the Triumph of Anglo-America	xxu	eng	AMERICAN HISTORICAL ASSOCIATION	1999
2014-01-31_JA-america.tsv:History_3-rdf.tsv	Allinson, S.	4	9	NORTHERN MARINER	1183-112X	(Uk)RN075171833	NORTHERN MARINER 9(4), 85. (1999)	David F. Marley, Wars of the Americas: A Chronology of Armed Conflict in the New World, 1492 to the Present	xxc	eng	CNRS	1999
2014-01-31_JA-america.tsv:History_3-rdf.tsv	Bender, D.	1	41	LABOR HISTORY	0023-656X	(Uk)RN075312076	LABOR HISTORY 41(1), 101. (2000)	Civic Wars: Democracy and Public Life in the American City during the Nineteenth Century, by Mary P. Ryan	xxu	eng	Carfax Publishing	2000
2014-01-31_JA-america.tsv:History_3-rdf.tsv	Perez, L. A.	1	105	AMERICAN HISTORICAL REVIEW	0002-8762	(Uk)RN077203618	AMERICAN HISTORICAL REVIEW 105(1), 228. (2000)	KRISTIN L. HOGANSON. Fighting for American Manhood: How Gender Politics Provoked the Spanish-American and Philippine-American Wars	xxu	eng	AMERICAN HISTORICAL ASSOCIATION	2000
2014-01-31_JA-america.tsv:History_3-rdf.tsv	Magnus, R.	2	54	MIDDLE EAST JOURNAL	0026-3141	(Uk)RN077791784	MIDDLE EAST JOURNAL 54(2), 295. (2000)	Unholy Wars, Afghanistan, America and International Terrorism, by John K. Cooley	xxu	eng	INDIANA UNIVERSITY PRESS	2000
2014-01-31_JA-america.tsv:History_3-rdf.tsv	Felix, D.	2	105	AMERICAN HISTORICAL REVIEW	0002-8762	(Uk)RN078926144	AMERICAN HISTORICAL REVIEW 105(2), 559. (2000)	YUVAL P. YONAY. The Struggle over the Soul of Economics: Institutionalist and Neoclassical Economists in America Between the Wars	xxu	eng	AMERICAN HISTORICAL ASSOCIATION	2000
2014-01-31_JA-america.tsv:History_3-rdf.tsv	Brewer, S. A.	3	105	AMERICAN HISTORICAL REVIEW	0002-8762	(Uk)RN081242422	AMERICAN HISTORICAL REVIEW 105(3), 956. (2000)	JOHN E. MOSER. Twisting the Lion's Tail: American Anglophobia between the World Wars	xxu	eng	AMERICAN HISTORICAL ASSOCIATION	2000
2014-01-31_JA-america.tsv:History_3-rdf.tsv	Moore, R. L.	4	19	JOURNAL OF AMERICAN ETHNIC HISTORY	0278-5927	(Uk)RN086974769	JOURNAL OF AMERICAN ETHNIC HISTORY 19(4), 114. (2000)	The Cousins' Wars: Religion, Politics, and the Triumph of Anglo-America, by Kevin Phillips	xxu	eng	TRANSACTION PERIODICALS CONSORTIUM	2000
2014-01-31_JA-america.tsv:History_3-rdf.tsv	Crapol, E. P.	4	62	HISTORIAN -ALBUQUERQUE THEN ALLENTOWN-	0018-2370	(Uk)RN087680770	HISTORIAN -ALBUQUERQUE THEN ALLENTOWN- 62(4), 872. (2000)	Kristin L. Hoganson. Fighting for American Manhood: How Gender Politics Provoked the Spanish-American and Philippine-American Wars	xxu	eng	MICHIGAN STATE UNIVERSITY PRESS	2000
2014-01-31_JA-america.tsv:History_3-rdf.tsv	Lloyd, B.	5	105	AMERICAN HISTORICAL REVIEW	0002-8762	(Uk)RN090548712	AMERICAN HISTORICAL REVIEW 105(5), 1763. (2000)	WILLIAM J. MAXWELL. New Negro, Old Left: African-American Writing and Communism Between the Wars	xxu	eng	AMERICAN HISTORICAL ASSOCIATION	2000
2014-01-31_JA-america.tsv:History_3-rdf.tsv	Kamphoefner, W. D.	4	45	AMERICAN STUDIES -STUTTGART THEN MUNICH THEN HEIDELBERG-	0340-2827	(Uk)RN092085909	AMERICAN STUDIES -MUNICH- 45(4), 584. (2000)	Stig Forster and Jorg Nagler, eds., On the Road to Total War: The American Civil War and the German Wars of Unification, 1861-1871	gw	eng	WILHELM FINK VERLAG	2000
2014-01-31_JA-america.tsv:History_3-rdf.tsv	Gibson, D. B.	1	88	JOURNAL OF AMERICAN HISTORY -BLOOMINGTON-	0021-8723	(Uk)RN097545078	JOURNAL OF AMERICAN HISTORY -BLOOMINGTON- 88(1), 249. (2001)	Maxwell, New Negro, Old Left: African-American Writing and Communism between the Wars; and Smethurst, The New Red Negro: The Literary Left and African American Poetry, 1930-1946	xxu	eng	THE ORGANIATION OF AMERICAN HISTORIANS	2001
2014-01-31_JA-america.tsv:History_3-rdf.tsv	Blanchard, P.	2	81	HISPANIC AMERICAN HISTORICAL REVIEW	0018-2168	(Uk)RN097921325	HISPANIC AMERICAN HISTORICAL REVIEW 81(2), 367. (2001)	The Wars of Independence in Spanish America, edited by Christon I. Archer	xxu	eng	HISTORY OF THE AMERICAN HISTORICAL ASSOCIATION	2001
2014-01-31_JA-america.tsv:History_3-rdf.tsv	Harmon, A.	2	88	JOURNAL OF AMERICAN HISTORY -BLOOMINGTON-	0021-8723	(Uk)RN101888381	JOURNAL OF AMERICAN HISTORY -BLOOMINGTON- 88(2), 742. (2001)	Thomas, Skull Wars: Kennewick Man, Archaeology, and the Battle for Native American Identity	xxu	eng	THE ORGANIATION OF AMERICAN HISTORIANS	2001
2014-01-31_JA-america.tsv:History_3-rdf.tsv	Lloyd, R.	4	55	FRENCH STUDIES	0016-1128	(Uk)RN104301083	FRENCH STUDIES 55(4), 578. (2001)	Jean-Philippe Mathy, French Resistance: The French-American Culture Wars	xxk	eng	SOCIETY FOR FRENCH STUDIES	2001
2014-01-31_JA-america.tsv:History_3-rdf.tsv	Smith, S. L.	5	106	AMERICAN HISTORICAL REVIEW	0002-8762	(Uk)RN106947211	AMERICAN HISTORICAL REVIEW 106(5), 1819. (2001)	BARRON H. LERNER. The Breast Cancer Wars: Hope, Fear, and the Pursuit of a Cure in Twentieth-Century America	xxu	eng	AMERICAN HISTORICAL ASSOCIATION	2001
2014-01-31_JA-america.tsv:History_3-rdf.tsv	Bell, D. A.	1	107	AMERICAN HISTORICAL REVIEW	0002-8762	(Uk)RN109502492	AMERICAN HISTORICAL REVIEW 107(1), 293. (2002)	JEAN-PHILIPPE MATHY. French Resistance: The French-American Culture Wars	xxu	eng	AMERICAN HISTORICAL ASSOCIATION	2002
2014-01-31_JA-america.tsv:History_3-rdf.tsv	Apple, R. D.	1	89	JOURNAL OF AMERICAN HISTORY -BLOOMINGTON-	0021-8723	(Uk)RN114962170	JOURNAL OF AMERICAN HISTORY -BLOOMINGTON- 89(1), 318. (2002)	Lerner, The Breast Cancer Wars: Hope, Fear, and the Pursuit of a Cure in Twentieth-Century America; and Goodman and Walsh, The Story of Taxol: Nature and Politics in the Pursuit of an Anti-Cancer Drug	xxu	eng	THE ORGANIATION OF AMERICAN HISTORIANS	2002
2014-01-31_JA-america.tsv:History_3-rdf.tsv	Iriye, A.	2	89	JOURNAL OF AMERICAN HISTORY -BLOOMINGTON-	0021-8723	(Uk)RN119284181	JOURNAL OF AMERICAN HISTORY -BLOOMINGTON- 89(2), 708. (2002)	Berghahn, America and the Intellectual Cold Wars in Europe: Shepard Stone between Philanthropy, Academy, and Diplomacy	xxu	eng	THE ORGANIATION OF AMERICAN HISTORIANS	2002
2014-01-31_JA-america.tsv:History_3-rdf.tsv	Hixson, W. L.	4	107	AMERICAN HISTORICAL REVIEW	0002-8762	(Uk)RN121153270	AMERICAN HISTORICAL REVIEW 107(4), 1251. (2002)	VOLKER R. BERGHAHN. America and Intellectual Cold Wars in Europe: Shepard Stone between Philanthropy, Academy, and Diplomacy; RON ROBIN. The Making of the Cold War Enemy: Culture and Politics in the Military-Intellectual Complex	xxu	eng	AMERICAN HISTORICAL ASSOCIATION	2002
2014-01-31_JA-america.tsv:History_3-rdf.tsv	Miller, J. R.	2	37	CANADIAN JOURNAL OF HISTORY	0008-4107	(Uk)RN123511761	CANADIAN JOURNAL OF HISTORY 37(2), 415. (2002)	R. Niezen, Spirit Wars: Native North American Religion in the Age of Nation Building	xxc	eng	JOURNAL OF HISTORY CO. LTD.	2002
2014-01-31_JA-america.tsv:History_3-rdf.tsv	McGrath, S. W.	3	89	JOURNAL OF AMERICAN HISTORY -BLOOMINGTON-	0021-8723	(Uk)RN124361096	JOURNAL OF AMERICAN HISTORY -BLOOMINGTON- 89(3), 1105. (2002)	"Gemelli, ed., The ""Unacceptables"": American Foundations and Refugee Scholars between the Two Wars and After"	xxu	eng	THE ORGANIATION OF AMERICAN HISTORIANS	2002
2014-01-31_JA-america.tsv:History_3-rdf.tsv	Dobson, A. P.	477	118	ENGLISH HISTORICAL REVIEW	0013-8266	(Uk)RN133476581	ENGLISH HISTORICAL REVIEW 118(477), 845. (2003)	Berghahn, Volker R., America and the Intellectual Cold Wars in Europe: Shepard Stone Between Philanthropy, Academy, and Diplomacy	xxk	eng	Oxford University Press	2003
2014-01-31_JA-america.tsv:History_3-rdf.tsv	Moore, G.	4	65	HISTORIAN -ALBUQUERQUE THEN ALLENTOWN-	0018-2370	(Uk)RN133664543	HISTORIAN -ALBUQUERQUE THEN ALLENTOWN- 65(4), 991. (2003)	Volker R. Berghahn. America and the Intellectual Cold Wars in Europe	xxu	eng	MICHIGAN STATE UNIVERSITY PRESS	2003
2014-01-31_JA-america.tsv:History_3-rdf.tsv	Symcox, L.	3	108	AMERICAN HISTORICAL REVIEW	0002-8762	(Uk)RN134046130	AMERICAN HISTORICAL REVIEW 108(3), 874. (2003)	JONATHAN ZIMMERMAN. Whose America? Culture Wars and the Public Schools	xxu	eng	AMERICAN HISTORICAL ASSOCIATION	2003
2014-01-31_JA-america.tsv:History_3-rdf.tsv	Etheridge, B. C.	3	26	GERMAN STUDIES REVIEW	0149-7952	(Uk)RN139441509	GERMAN STUDIES REVIEW 26(3), 699. (2003)	Volker Berghahn. America and the Intellectual Cold Wars in Europe: Shepard Stone between Philanthropy, Academy, and Diplomacy	xxu	eng	THE GERMAN STUDIES ASSOCIATION	2003
2014-01-31_JA-america.tsv:History_3-rdf.tsv	Cooney, J. W.	2	84	HISPANIC AMERICAN HISTORICAL REVIEW	0018-2168	(Uk)RN149718106	HISPANIC AMERICAN HISTORICAL REVIEW 84(2), 332. (2004)	Latin America's Wars, Vol. 1, The Age of the Caudillo, 1791 - 1899, by Robert L. Scheina	xxu	eng	HISTORY OF THE AMERICAN HISTORICAL ASSOCIATION	2004
2014-01-31_JA-america.tsv:History_3-rdf.tsv	Peretti, B. W.	1	91	JOURNAL OF AMERICAN HISTORY -BLOOMINGTON-	0021-8723	(Uk)RN152331720	JOURNAL OF AMERICAN HISTORY -BLOOMINGTON-. 91(1), 279. (2004)	Dinerstein, Swinging the Machine: Modernity, Technology, and African American Culture between the World Wars	xxu	eng	THE ORGANIATION OF AMERICAN HISTORIANS	2004
2014-01-31_JA-america.tsv:History_3-rdf.tsv	Minear, R. H.	2	91	JOURNAL OF AMERICAN HISTORY -BLOOMINGTON-	0021-8723	(Uk)RN155950584	JOURNAL OF AMERICAN HISTORY -BLOOMINGTON- 91(2), 690. (2004)	Shimakawa, Amerika no Senso to Nichibei Ampo Taisei (America's wars and the U.S.-Japan security system)	xxu	eng	THE ORGANIATION OF AMERICAN HISTORIANS	2004
2014-01-31_JA-america.tsv:History_3-rdf.tsv	Karsten, P.	4	109	AMERICAN HISTORICAL REVIEW	0002-8762	(Uk)RN159735553	AMERICAN HISTORICAL REVIEW 109(4), 1251. (2004)	Peter S. Kindsvatter. American Soldiers: Ground Combat in the World Wars, Korea, and Vietnam	xxu	eng	AMERICAN HISTORICAL ASSOCIATION	2004
2014-01-31_JA-america.tsv:History_3-rdf.tsv	Erenberg, L. A.	4	109	AMERICAN HISTORICAL REVIEW	0002-8762	(Uk)RN159735574	AMERICAN HISTORICAL REVIEW 109(4), 1252. (2004)	Joel Dinerstein. Swinging the Machine: Modernity, Technology, and African American Culture Between the World Wars	xxu	eng	AMERICAN HISTORICAL ASSOCIATION	2004
2014-01-31_JA-america.tsv:History_3-rdf.tsv	O Brien, T. F.	1	36	JOURNAL OF INTERDISCIPLINARY HISTORY	0022-1953	(Uk)RN170812771	JOURNAL OF INTERDISCIPLINARY HISTORY 36(1), 128. (2005)	Banana Wars: Power, Production, and History in the Americas edited by Steve Striffler and Mark Moberg	xxu	eng	THE JOURNAL OF INTERDISCIPLINARY HISTORY	2005
2014-01-31_JA-america.tsv:History_3-rdf.tsv	Nunn, F. M.	3	85	HISPANIC AMERICAN HISTORICAL REVIEW	0018-2168	(Uk)RN172481174	HISPANIC AMERICAN HISTORICAL REVIEW 85(3), 496. (2005)	Latin America's Wars, vol. 2, The Age of the Professional Soldier, 1900-2001, by Robert L. Scheina	xxu	eng	HISTORY OF THE AMERICAN HISTORICAL ASSOCIATION	2005
2014-01-31_JA-america.tsv:History_3-rdf.tsv	Langa, H.	3	92	JOURNAL OF AMERICAN HISTORY -BLOOMINGTON-	0021-8723	(Uk)RN180651110	JOURNAL OF AMERICAN HISTORY -BLOOMINGTON- 92(3), 1031. (2005)	Saab, For the Millions: American Art and Culture between the Wars	xxu	eng	THE ORGANIATION OF AMERICAN HISTORIANS	2005
2014-01-31_JA-america.tsv:History_3-rdf.tsv	Saunt, C.	4	92	JOURNAL OF AMERICAN HISTORY -BLOOMINGTON-	0021-8723	(Uk)RN185045351	JOURNAL OF AMERICAN HISTORY -BLOOMINGTON- 92(4), 1424. (2006)	Missall and Missall, The Seminole Wars: America's Longest Indian Conflict	xxu	eng	THE ORGANIATION OF AMERICAN HISTORIANS	2006
2014-01-31_JA-america.tsv:History_3-rdf.tsv	Johnson, B. H.	2	111	AMERICAN HISTORICAL REVIEW	0002-8762	(Uk)RN186576961	AMERICAN HISTORICAL REVIEW 111(2), 536. (2006)	Irving W. Levinson. Wars within Wars: Mexican Guerrillas, Domestic Elites, and the United States of America, 1846-1848	xxu	eng	AMERICAN HISTORICAL ASSOCIATION	2006
2014-01-31_JA-america.tsv:History_3-rdf.tsv	Allison, R. J.	1	93	JOURNAL OF AMERICAN HISTORY -BLOOMINGTON-	0021-8723	(Uk)RN189994200	JOURNAL OF AMERICAN HISTORY -BLOOMINGTON- 93(1), 201. (2006)	Lambert, The Barbary Wars: American Independence in the Atlantic World	xxu	eng	THE ORGANIATION OF AMERICAN HISTORIANS	2006
2014-01-31_JA-america.tsv:History_3-rdf.tsv	Peskin, L. A.	5	111	AMERICAN HISTORICAL REVIEW	0002-8762	(Uk)RN200097450	AMERICAN HISTORICAL REVIEW 111(5), 1475. (2006)	Frank Lambert. The Barbary Wars: American Independence in the Atlantic World	xxu	eng	AMERICAN HISTORICAL ASSOCIATION	2006
2014-01-31_JA-america.tsv:History_3-rdf.tsv	Santoni, P.	2	87	HISPANIC AMERICAN HISTORICAL REVIEW	0018-2168	(Uk)RN208090079	HISPANIC AMERICAN HISTORICAL REVIEW 87(2), 420. (2007)	Wars within War: Mexican Guerrillas, Domestic Elites and the United States of America, 1846-1848, by Irving W. Levinson	xxu	eng	HISTORY OF THE AMERICAN HISTORICAL ASSOCIATION	2007
2014-01-31_JA-america.tsv:History_3-rdf.tsv	Mahoney, B. S.	3	112	AMERICAN HISTORICAL REVIEW	0002-8762	(Uk)RN210622018	AMERICAN HISTORICAL REVIEW 112(3), 820. (2007)	Ronald Weber. News of Paris: American Journalists in the City of Light between the Wars	xxu	eng	AMERICAN HISTORICAL ASSOCIATION	2007
2014-01-31_JA-america.tsv:History_3-rdf.tsv	Nunn, F.M.	4	87	HISPANIC AMERICAN HISTORICAL REVIEW	0018-2168	(Uk)RN218409359	HISPANIC AMERICAN HISTORICAL REVIEW 87(4), 737. (2007)	Wars of Latin America, 1899-1941, by Rene de la Pedraja	xxu	eng	Duke University Press	2007
2014-01-31_JA-america.tsv:History_3-rdf.tsv	Turner, J. M.	3	94	JOURNAL OF AMERICAN HISTORY -BLOOMINGTON-	0021-8723	(Uk)RN221754631	JOURNAL OF AMERICAN HISTORY -BLOOMINGTON- 94(3), 1013. (2007)	Hays, Wars in the Woods: The Rise of Ecological Forestry in America	xxu	eng	THE ORGANIATION OF AMERICAN HISTORIANS	2007
2014-01-31_JA-america.tsv:History_3-rdf.tsv	Robbins, W.G.	1	77	PACIFIC HISTORICAL REVIEW	0030-8684	(Uk)RN225067397	PACIFIC HISTORICAL REVIEW 77(1), 142. (2008)	Hays, Wars in the Woods: The Rise of Ecological Forestry in America	xxu	eng	AMERICAN HISTORICAL ASSOCIATION	2008
2014-01-31_JA-america.tsv:History_3-rdf.tsv	Ablard, J.D.	2	83	NEW MEXICO HISTORICAL REVIEW	0028-6206	(Uk)RN229593790	NEW MEXICO HISTORICAL REVIEW 83(2), 270. (2008)	Irving W. Levinson, Wars within War: Mexican Guerrillas, Domestic Elites, and the United States of America, 1846-1848	xxu	eng	UNIVERSITY OF NEW MEXICO	2008
2014-01-31_JA-america.tsv:History_3-rdf.tsv	Sheehan-Dean, A.	3	95	JOURNAL OF AMERICAN HISTORY -BLOOMINGTON-	0021-8723	(Uk)RN242042631	JOURNAL OF AMERICAN HISTORY -BLOOMINGTON- 95(3), 952. (2008)	Battle Lines: Letters from America's Wars	xxu	eng	THE ORGANIATION OF AMERICAN HISTORIANS	2008
2014-01-31_JA-america.tsv:History_3-rdf.tsv	Fickle, J.E.	5	113	AMERICAN HISTORICAL REVIEW	0002-8762	(Uk)RN242872391	AMERICAN HISTORICAL REVIEW 113(5), 1572. (2008)	Samuel P. Hays. Wars in the Woods: The Rise of Ecological Forestry in America	xxu	eng	AMERICAN HISTORICAL ASSOCIATION	2008
2014-01-31_JA-america.tsv:History_3-rdf.tsv	Browne, B.T.	1	96	JOURNAL OF AMERICAN HISTORY -BLOOMINGTON-	0021-8723	(Uk)RN253921936	JOURNAL OF AMERICAN HISTORY -BLOOMINGTON- 96(1), 276. (2009)	Rollins and O'Connor, eds., Why We Fought: America's Wars in Film and History	xxu	eng	THE ORGANIATION OF AMERICAN HISTORIANS	2009
2014-01-31_JA-america.tsv:History_3-rdf.tsv	McKinney, G.B.	1	97	JOURNAL OF AMERICAN HISTORY -BLOOMINGTON-	0021-8723	(Uk)RN274661432	JOURNAL OF AMERICAN HISTORY -BLOOMINGTON- 97(1), 181. (2010)	Waugh and Gallagher, eds., Wars within a War: Controversy and Conflict over the American Civil War	xxu	eng	THE ORGANIATION OF AMERICAN HISTORIANS	2010
2014-01-31_JA-america.tsv:History_3-rdf.tsv	Vuic, K.D.	3	97	JOURNAL OF AMERICAN HISTORY -BLOOMINGTON-	0021-8723	(Uk)RN283974560	JOURNAL OF AMERICAN HISTORY -BLOOMINGTON- 97(3), 885. (2010)	Monahan and Neidel-Greenlee, A Few Good Women: America's Military Women from World War I to the Wars in Iraq and Afghanistan	xxu	eng	THE ORGANIATION OF AMERICAN HISTORIANS	2010
2014-01-31_JA-america.tsv:History_3-rdf.tsv	Billinger, R.D.	2	98	JOURNAL OF AMERICAN HISTORY -BLOOMINGTON-	0021-8723	(Uk)RN299187962	JOURNAL OF AMERICAN HISTORY -BLOOMINGTON- 98(2), 599. (2011)	Carvin, Prisoners of America's Wars: From the Early Republic to Guantanamo	xxu	eng	THE ORGANIATION OF AMERICAN HISTORIANS	2011
2014-01-31_JA-america.tsv:History_3-rdf.tsv	Hanna, M.	3	42	JOURNAL OF INTERDISCIPLINARY HISTORY	0022-1953	(Uk)RN301888026	JOURNAL OF INTERDISCIPLINARY HISTORY 42(3), 463. (2012)	Becoming Americans in Paris: Transatlantic Politics and Culture between the World Wars by Brooke L. Blower	xxu	eng	THE JOURNAL OF INTERDISCIPLINARY HISTORY	2012
2014-01-31_JA-america.tsv:History_3-rdf.tsv	Johnson, M.L.	01-Feb	51	AMERICAN STUDIES -LAWRENCE-	0026-3079	(Uk)RN302323031	AMERICAN STUDIES -LAWRENCE- 51(1/2), 142. (2010)	Dirty Wars: Landscape, Power, and Waste in Western American Literature. By John Beck	xxu	eng	MID-AMERICA AMERICAN STUDIES ASSOCIATION	2010
2014-01-31_JA-america.tsv:History_3-rdf.tsv	Levenstein, H.	2	117	AMERICAN HISTORICAL REVIEW	0002-8762	(Uk)RN311238929	AMERICAN HISTORICAL REVIEW 117(2), 494. (2012)	Brooke L. Blower. Becoming Americans in Paris: Transatlantic Politics and Culture between the World Wars	xxu	eng	AMERICAN HISTORICAL ASSOCIATION	2012
2014-01-31_JA-america.tsv:History_3-rdf.tsv	Bourke, J.	2	117	AMERICAN HISTORICAL REVIEW	0002-8762	(Uk)RN311239129	AMERICAN HISTORICAL REVIEW 117(2), 512. (2012)	Christopher H. Hamner. Enduring Battle: American Soldiers in the Three Wars, 1776-1945	xxu	eng	AMERICAN HISTORICAL ASSOCIATION	2012
2014-01-31_JA-america.tsv:History_3-rdf.tsv	Rodger, N.A.M.	2	23	INTERNATIONAL JOURNAL OF MARITIME HISTORY	0843-8714	(Uk)RN311509905	INTERNATIONAL JOURNAL OF MARITIME HISTORY 23(2), 451. (2011)	Martin Robson, Britain, Portugal and South America in the Napoleonic Wars: Alliances and Diplomacy in Economic Maritime Conflict	xxc	eng	INTERNATIONAL MARITIME ECONOMIC HISTORY ASSOCIATION	2011
2014-01-31_JA-america.tsv:History_3-rdf.tsv	Cloyd, B.	3	117	AMERICAN HISTORICAL REVIEW	0002-8762	(Uk)RN314696139	AMERICAN HISTORICAL REVIEW 117(3), 849. (2012)	Matthew Warshauer. Connecticut in the American Civil War: Slavery, Sacrifice, and Survival	xxu	eng	AMERICAN HISTORICAL ASSOCIATION	2012
2014-01-31_JA-america.tsv:History_3-rdf.tsv	Dunak, K.	3	117	AMERICAN HISTORICAL REVIEW	0002-8762	(Uk)RN314696360	AMERICAN HISTORICAL REVIEW 117(3), 869. (2012)	Anastasia C. Curwood. Stormy Weather: Middle-Class African American Marriages between the Two World Wars	xxu	eng	AMERICAN HISTORICAL ASSOCIATION	2012
2014-01-31_JA-america.tsv:History_3-rdf.tsv	Entenmann, R.	4	45	HISTORY TEACHER -LONG BEACH-	0018-2745	(Uk)RN317410577	HISTORY TEACHER -LONG BEACH- 45(4), 633. (2012)	Hunt, Michael H. and Steven I. Levine. Arc of Empire: America's Wars in Asia from the Philippines to Vietnam	xxu	eng	THE UNIVERSITY PRESS	2012
2014-01-31_JA-america.tsv:History_3-rdf.tsv	Young, M.B.	2	82	PACIFIC HISTORICAL REVIEW	0030-8684	(Uk)RN332669355	PACIFIC HISTORICAL REVIEW 82(2), 288. (2013)	Hunt and Levine, Arc of Empire: America's Wars in Asia from the Philippines to Vietnam	xxu	eng	University of California Press	2013
2014-01-31_JA-america.tsv:History_4i-rdf.tsv	Tal, K.	58		RADICAL HISTORY REVIEW	0163-6545	(Uk)EN014088430	RADICAL HISTORY REVIEW 58, 178. (1994)	Race and Recent American Wars	xxu		MARHO	1994
